"lag","lag_var","CV.CPUE","SBT","theta","rho","pvalue"
6,"SBT",-0.0139333134561286,0.444767543714044,0.1,0.444302178207038,0.0336698928844802
5,"SBT",-0.357905399754353,-0.183001217544306,6,0.590841089001826,0.00236525559183168
7,"SBT",0.0149586701008846,-0.464502644049804,0,0.425292169750489,0.048473098338732
8,"SBT",1.12416012792211,0.637277937787326,1.5,0.652386636458183,0.00134940836502915
4,"SBT",0.0723754008531758,0.972378431863098,2,0.55917448722584,0.00366191796071816
3,"SBT",-0.0445368403653353,-0.54028774527504,0,0.572100019480778,0.00226012249896833
2,"SBT",-0.412804293249586,-0.396601813733806,8,0.668121027824615,0.000139859164781166
0,"SBT",-0.17087458806861,0.391825408519568,0,0.477856466966847,0.00874905847869765
1,"SBT",-0.139982398577257,-0.429839699628312,0,0.499074220107994,0.00685994134075566
