"lag","lag_var","CV.CPUE","CVofSBT","theta","rho","pvalue"
5,"CVofSBT",-0.462144515870288,0.605011273308757,3,0.332814222994949,0.0272834856343177
6,"CVofSBT",-0.511419792570606,0.236923539021301,4,0.184000426363036,0.23754925503218
7,"CVofSBT",-0.165046816282711,0.445796538678924,1.5,0.284858346836917,0.0674791721812389
3,"CVofSBT",-0.229455854974295,0.275461081926736,0.5,0.246568210999081,0.0985551330563251
8,"CVofSBT",-0.21197473809776,-0.525050285698564,3,0.267539472713323,0.090818926653927
