"lag","lag_var","CV.CPUE","AgeDiversity","Abundance","theta","rho","pvalue"
4,"AgeDiversity",-0.0644861910612883,0.215737691682304,-0.0505552784484628,6,0.00411349216294158,0.978605112384186
3,"AgeDiversity",0.0187628524885069,-0.0948495192565512,0.144919439067376,8,0.0419799176492909,0.784233729063818
5,"AgeDiversity",-0.0955600917530577,0.312506536304581,0.0495898696184755,4,-0.164263040887256,0.286655030556912
6,"AgeDiversity",0.10133041181929,0.483465119785599,-0.0943357635493937,8,0.0256895714820927,0.870108477196165
0,"AgeDiversity",-0.0281401283408003,0.352354137662677,-0.128534644404337,1,0.0121773048690008,0.936720823430044
4,"Abundance",-0.0644861910612883,0.215737691682304,-0.0505552784484628,6,0.00411349216294158,0.978605112384186
5,"Abundance",0.226589069254952,0.25986881203996,-0.0527220489097877,6,-0.0310380333606837,0.841477393461933
