"lag","lag_var","F","Abundance","theta","rho","pvalue"
4,"F",-0.875847732591891,0.113339853243092,0,0.491237632015761,0.0278379607905438
3,"F",-0.787252205814348,0.231403764913517,0,0.538513737111982,0.011783376137198
2,"F",-0.553218815173666,0.376018528410714,0,0.424772408489577,0.0487779203065885
