"lag","lag_var","Abundance","SST","theta","rho","pvalue"
4,"SST",-0.0141773410981637,-0.294964557881208,0,-0.0234337654959612,0.921881496646383
3,"SST",0.690751021652002,-0.0925119061004313,4,0.0795236064224106,0.731860657918039
2,"SST",0.451761918916956,-0.280667810087406,8,-0.158548398656518,0.48098052892679
1,"SST",-0.0199321302167223,0.763129416024802,8,-0.147186212748305,0.502742687016249
