"","Abundance","AMO","CV.CPUE","CVofSBT","CVofSST","F","SBT","SST"
"Clupea harengus",0.247832472411941,0.332168728670014,0.383380168494385,0,0.180282795046796,0,0,0.212455333422923
"Gadus morhua",0,0.591936436064375,0.505537197594018,0.304987705676125,0,0.683641532484212,0,0
"Melanogrammus aeglefinus",0.346804872104816,0.448459070380975,0.123769738760476,0.292702302292238,0,0,0,0
"Merlangius merlangus",0.687115960944558,0.453645087937483,0.079208857363547,0.383268994512456,0,0.354680957986385,0.0962178888433501,0
"Scomber scombrus",0.182287908313706,0,0.324510092683723,0,0.0703398352569161,0,0,0.0826888894130622
"Trisopterus esmarkii",0,0.052220472555517,0,0.202027596420537,0,0.330944181538528,0.118168757377491,0
