"","Abundance","AMO","CV.CPUE","CVofSBT","CVofSST","F","SBT","SST"
"Clupea harengus",0.249262190711866,0.336835168727411,0.381667992056673,0,0.179593084016065,0,0,0.211938628728591
"Gadus morhua",0,0.592116052867348,0.505489200775208,0.302620407505051,0,0.683467287842182,0,0
"Melanogrammus aeglefinus",0.346566417989172,0.448876777746698,0.125172650011135,0.291882228748363,0,0,0,0
"Merlangius merlangus",0.688436210816711,0.456142706442302,0.0764095879324502,0.382277454352311,0,0.354092692254067,0.0969985978511324,0
"Scomber scombrus",0.180839116539571,0,0.326221816109161,0,0.0704225629624311,0,0,0.0815512847489571
"Trisopterus esmarkii",0,0.0529894121358852,0,0.200789881256135,0,0.332994719782409,0.114593188546327,0
