"","Abundance","AMO","CV.CPUE","CVofSBT","CVofSST","F","SBT","SST"
"Clupea harengus",0.247832472411941,0.332179116144673,0.383380168494385,0,0.180282795046796,0,0,0.212455333422923
"Gadus morhua",0,0.637726981906227,0.505437266600256,0.30494639393134,0,0.683641532484212,0,0
"Melanogrammus aeglefinus",0.346804872104816,0.448491743183015,0.123769738760476,0.292702302292238,0,0,0,0
"Merlangius merlangus",0.687115960944558,0.453645087937483,0.079208857363547,0.383268994512456,0,0.354598727524743,0.247886130164487,0
"Pleuronectes platessa",0.479822289341944,0.538173962903145,0.509514675288222,0.356680039686266,0,0.517638914001795,0,0
"Scomber scombrus",0.181423853331402,0,0.324569132676976,0,0.070266999466814,0,0,0.0826888894130622
"Trisopterus esmarkii",0.33354426997924,0.0523272135034228,0,0.202027596420537,0,0.46099849347562,0.118168757377491,0
