"lag","lag_var","CV.CPUE","AgeDiversity","Abundance","SST","CVofSST","theta","rho","pvalue"
3,"CV.CPUE",0.441943381818517,-0.276318292839846,0.0685407330649307,-0.264687427266855,-0.0290734462743286,1,0.383332218994187,0.0862867124351774
3,"Abundance",0.441943381818517,-0.276318292839846,0.0685407330649307,-0.264687427266855,-0.0290734462743286,1,0.383332218994187,0.0862867124351774
2,"SST",0.441943381818517,-0.276318292839846,0.0685407330649307,-0.264687427266855,-0.0290734462743286,1,0.383332218994187,0.0862867124351774
2,"CVofSST",0.441943381818517,-0.276318292839846,0.0685407330649307,-0.264687427266855,-0.0290734462743286,1,0.383332218994187,0.0862867124351774
