"lag","lag_var","F","AgeDiversity","SBT","CVofSBT","theta","rho","pvalue"
3,"F",0.182325675909835,0.565293780639351,0.0257998297705696,0.365704634203954,0.5,0.0519425623516731,0.827831879928193
4,"CVofSBT",0.182325675909835,0.565293780639351,0.0257998297705696,0.365704634203954,0.5,0.0519425623516731,0.827831879928193
4,"SBT",0.182325675909835,0.565293780639351,0.0257998297705696,0.365704634203954,0.5,0.0519425623516731,0.827831879928193
