"F","Abundance","CV.CPUE","AgeDiversity","AMO","SBT","CVofSBT","species"
-0.738772917859968,0.240254048855774,NA,NA,NA,NA,NA,"Gadus morhua"
-0.158561573305936,0.316769440529219,0.0525657442650591,-0.183662195176956,-0.290256855779242,-0.143696221821354,0.401162176286749,"Merlangius merlangus"
-0.0940236992406676,1.02635909486214,NA,NA,NA,NA,NA,"Pollachius virens"
NA,0.42775244978071,NA,NA,NA,-0.277618512890944,NA,"Trisopterus esmarkii"
