"F","Abundance","CV.CPUE","AgeDiversity","AMO","SBT","CVofSBT","species"
-0.738772917859968,0.240254048855774,NA,NA,NA,NA,NA,"Gadus morhua"
-0.252120969749461,0.194420946659291,0.262911632633859,-0.286298241535156,-0.150325310776908,-0.170194368453542,0.350157707193056,"Merlangius merlangus"
-0.126642797045358,0.971395556900094,NA,NA,NA,NA,NA,"Pollachius virens"
