"lag","lag_var","F","Abundance","theta","rho","pvalue"
0,"F",-0.153012894880178,0.960664953660813,1.5,0.52464395782656,0.00848718441908207
2,"F",-0.100272699210538,0.982126160139376,1.5,0.599777822803588,0.00317237174572766
3,"F",-0.0287855036312864,1.13628617078622,3,0.505246629174703,0.0194759077126493
