"lag","lag_var","F","Abundance","theta","rho","pvalue"
0,"F",-0.153012894880178,0.960664953660813,1.5,0.52464395782656,0.00848718441908207
2,"F",-0.100272699210538,0.982126160139376,1.5,0.599777822803588,0.00317237174572766
