"lag","lag_var","F","Abundance","theta","rho","pvalue"
0,"F",-0.153012894880178,0.960664953660813,1.5,0.52464395782656,0.00424359220954096
2,"F",-0.100272699210538,0.982126160139376,1.5,0.599777822803588,0.00158618587286385
3,"F",-0.0287855036312864,1.13628617078622,3,0.505246629174703,0.0097379538563247
