"lag","lag_var","CV.CPUE","Abundance","theta","rho","pvalue"
2,"CV.CPUE",0.750812758861493,-2.17897551816821,8,0.27130338516813,0.110983585530561
