"lag","lag_var","Abundance","CVofSST","theta","rho","pvalue"
3,"CVofSST",-0.734888288240486,1.02539566277664,8,0.0629263722665647,0.786409747038624
