"lag","lag_var","Abundance","SBT","theta","rho","pvalue"
0,"SBT",0.48488161048904,0.030572003483352,0,0.223945151677793,0.146406514005393
2,"SBT",0.42775244978071,-0.277618512890944,0,0.357099991547024,0.0513934894456282
1,"SBT",0.466623629393012,-0.141674148024897,0,0.217430964208864,0.159479184315607
