"CV.CPUE","AgeDiversity","F","AMO","Abundance","SBT","CVofSBT","SST","CVofSST","species"
-0.669194722732872,0.221059470104168,NA,NA,NA,NA,NA,NA,NA,"Clupea harengus"
NA,0.60771374494749,-0.251932760791408,NA,NA,NA,NA,NA,NA,"Gadus morhua"
NA,0.514701684389309,NA,-0.280379132397076,NA,NA,NA,NA,NA,"Melanogrammus aeglefinus"
NA,0.0593243433670452,-0.720811276180056,-0.541584590075858,-0.0486499547740353,-0.1068245328705,-0.522067724634182,NA,NA,"Merlangius merlangus"
0.291039149216773,0.382728989586346,0.153746663069169,-0.473707989094275,0.178740744129016,NA,-0.0660227330573272,NA,NA,"Pleuronectes platessa"
0.441943381818517,-0.276318292839846,NA,NA,0.0685407330649307,NA,NA,-0.264687427266855,-0.0290734462743286,"Scomber scombrus"
