"CV.CPUE","AgeDiversity","F","AMO","Abundance","SBT","CVofSBT","SST","CVofSST","species"
-0.770196355608463,0.139435254949473,NA,NA,NA,NA,NA,NA,NA,"Clupea harengus"
NA,0.615656522553461,-0.382283838755887,NA,NA,NA,NA,NA,NA,"Gadus morhua"
NA,0.514701684389309,NA,-0.280379132397076,NA,NA,NA,NA,NA,"Melanogrammus aeglefinus"
NA,-0.00814814735284601,-0.710579002132681,-0.558235549552218,0.214945785099737,0.144677728979329,-0.716455610770062,NA,NA,"Merlangius merlangus"
0.441943381818517,-0.276318292839846,NA,NA,0.0685407330649307,NA,NA,-0.264687427266855,-0.0290734462743286,"Scomber scombrus"
