"CV.CPUE","AgeDiversity","F","AMO","Abundance","SBT","CVofSBT","SST","CVofSST","species"
-0.669194722732872,0.221059470104168,NA,NA,NA,NA,NA,NA,NA,"Clupea harengus"
NA,0.60771374494749,-0.251932760791408,NA,NA,NA,NA,NA,NA,"Gadus morhua"
NA,0.514701684389309,NA,-0.280379132397076,NA,NA,NA,NA,NA,"Melanogrammus aeglefinus"
NA,0.0807645457089921,-0.897712192456818,-0.561405358531311,0.132090791537263,-0.0613281541912955,-0.395465706864407,NA,NA,"Merlangius merlangus"
0.298186082041763,0.358785917831326,0.197580271844968,-0.449152245005922,0.198749280598112,NA,-0.093464841353764,NA,NA,"Pleuronectes platessa"
0.441943381818517,-0.276318292839846,NA,NA,0.0685407330649307,NA,NA,-0.264687427266855,-0.0290734462743286,"Scomber scombrus"
