"lag","lag_var","CV.CPUE","AgeDiversity","theta","rho","pvalue"
2,"CV.CPUE",-0.377871477574482,0.292743939379057,2,0.450476171853415,0.0176934348483548
4,"CV.CPUE",-0.0366446021078787,0.463252512140128,0.3,0.125994712513001,0.298298153650539
3,"CV.CPUE",-0.0712747048869543,0.446992263884847,0,0.227735533252432,0.160394424891829
1,"CV.CPUE",-1.16252123364244,-0.0138734294801107,8,0.547293209144052,0.00343718403964577
0,"CV.CPUE",-0.467191456981691,0.384307900413558,2,0.557127338237101,0.00234152118767161
