"lag","lag_var","F","AgeDiversity","theta","rho","pvalue"
3,"F",0.187076086008398,0.633078493093865,0,0.430006177966007,0.0516996894328709
2,"F",-0.72260659030424,1.02697118562686,8,0.53734714190184,0.00990978277073578
4,"F",0.269471551066508,0.575942634523608,0.1,0.406241661161411,0.0755104792131282
1,"F",-0.48607236262133,0.385853609673038,0,0.608377443300307,0.00206886219276455
0,"F",-0.507532488106378,0.416722801820079,0,0.636125345562773,0.000833824160912401
