"lag","lag_var","AgeDiversity","AMO","theta","rho","pvalue"
4,"AMO",0.0201018252661797,-0.110081392887775,4,0.0288266726905288,0.451987944192785
0,"AMO",0.44569301018018,0.0817258310641082,8,0.182622501755468,0.196519301284621
3,"AMO",0.514701684389309,-0.280379132397076,1.5,0.492456942250174,0.0116670873414568
