"lag","lag_var","F","AgeDiversity","Abundance","CVofSBT","theta","rho","pvalue"
4,"F",0.26159584971914,0.501901471053076,0.0524324067746337,0.362473436494116,0,0.0720607864673422,0.381361215236438
3,"F",0.17397988889339,0.497420674350589,0.0364774588599192,0.392427502439763,0,0.0207060141551301,0.465476272409473
0,"Abundance",0.26159584971914,0.501901471053076,0.0524324067746337,0.362473436494116,0,0.0720607864673422,0.381361215236438
4,"CVofSBT",0.26159584971914,0.501901471053076,0.0524324067746337,0.362473436494116,0,0.0720607864673422,0.381361215236438
