"","Abundance","AgeDiversity","AMO","CVofSBT","CVofSST","F","SBT","SST"
"Clupea harengus",0.148586433268964,0.190380835340405,0,0,0.250118699098983,0.319887307040209,0,0.383208633374933
"Gadus morhua",0,0,0.441222679665989,0,0,0.870244688229002,0,0
"Melanogrammus aeglefinus",0.0903265499138071,0,0.315429660786481,0,0,0.105288138990074,0,0
"Merlangius merlangus",0.388954313835814,0.0757506560512522,0.451223550953601,0,0,0.416281871402301,0.155976453927606,0
"Scomber scombrus",0.0757855605572793,0,0.126066290979319,0,0,0,0,0
"Sprattus sprattus",0,0.353574174989552,0,0,0.0842228544082674,0.144474096307635,0,0.246216400173464
