"","Abundance","AgeDiversity","AMO","CVofSBT","CVofSST","F","SBT","SST"
"Clupea harengus",0.148435451110817,0.188564118586491,0,0,0.247594184365894,0.31975380457847,0,0.38276525076546
"Gadus morhua",0,0,0.443415529746164,0,0,0.870743670582309,0,0
"Melanogrammus aeglefinus",0.0919220955364986,0,0.316063297692064,0,0,0.104673161080319,0,0
"Merlangius merlangus",0.386763310823656,0.0762370521004579,0.448782221963629,0,0,0.415359690815379,0.15581588542709,0
"Pollachius virens",0.142115074980105,0.190858279128558,0,0.135973454591766,0,0,0,0
"Scomber scombrus",0.0747194103186655,0,0.126301419020403,0,0,0,0,0
"Sprattus sprattus",0,0.353526329029124,0,0,0.0836564234603395,0.145107826355433,0,0.245362721827909
