"","AgeDiversity","AMO","CV.CPUE","CVofSBT","CVofSST","F","SBT","SST"
"Gadus morhua",0,0.147751911302624,0.388365957136285,0.084161026625535,0,0.654990985147373,0.319610811278597,0
"Merlangius merlangus",0.702772463129377,0.278513938825138,0.339805124786857,0.216694750285509,0,0.364611761432096,0.241076809875708,0
"Pollachius virens",0.209631512734258,0.0655939089316918,0.104701925673183,0,0,0.607493466216495,0.285272147302066,0
"Scomber scombrus",0.125911905979405,0.175776469433937,0.296879554746611,0,0.261736438914989,0,0,0.226806360736518
"Sprattus sprattus",0,0.127463873482889,0.146759926656089,0,0,0,0,0.39866068436464
"Trisopterus esmarkii",0.129917729414103,0.262819504202355,0.159163048724119,0,0,0,0.325437929694463,0
